capi,Alternative name (1),Alternative name (2),Alternative name (3),Alternative name (4),,ISNI,
Aaron,,,,,,-,
Abraham,,,,,,-,
Abraham Ortelius,,,,,,0000 0001 0856 4124,
Absalom,,,,,,-,
Accursius,,,,,,0000 0001 2103 5008,
Achilles,,,,,,-,
Adam Blackwood,,,,,,0000 0000 6120 8826,
Adathantes,,,,,,-,
Adriaan van Baerland,Adrianus Barlandus,,,,,0000 0001 1947 3519,
Adrianus Turnebus,,,,,,0000 0001 1036 923X,
Aemilius Papinianus,,,,,,0000 0000 8372 1049,
Aemilius Probus,,,,,,0000 0000 9589 6313,
Aeneas,,,,,,-,
Aeolus,,,,,,0000 0000 4254 4525,
Aequi,,,,,,-,
Aeschines,,,,,,0000 0003 7471 8595,
Aeschylus,,,,,,0000 0003 8685 5773,
Aesculapius,,,,,,0000 0003 8204 9811,
Aesop,,,,,,0000 0001 2031 7310,
Aethelfred,,,,,,,
Agamemnon,,,,,,-,
Aganippus,,,,,,,
Agapetus Diaconus,,,,,,0000 0001 1821 6895,
Agathocles of Syracuse,,,,,,0000 0001 1563 6253,
Agesilaus II,,,,,,0000 0004 5303 9902,
Agitius,Agnitius,,,,,,
Ahitophel,Achitopel,,,,,-,
Ajax,,,,,,-,
Alanus,,,,,,,
Alberico Gentili,,,,,,0000 0001 1448 4577,
Albertus Gandinus,,,,,,0000 0001 1616 0189,
Albertus Magnus,,,,,,0000 0001 0922 6821,
Alcibiades,,,,,,0000 0000 9044 0667,
Alcinous,,,,,,0000 0001 1645 2501,
Aldus Manutius,Aldus Pius Manutius,"Aldus Manutius, the Elder",Aldo Manuzio,,,0000 0001 2144 4450,
Alexamenus of Aetolia,,,,,,-,
Alexander Farnese,Duke of Parma,,,,,0000 0001 2102 9417,
Alexander the Great,,,,,,0000 0001 2283 5816,
Alfonso Ariosto,,,,,,0000 0000 6131 4880,
Alfonso II of Naples,,,,,,0000 0003 9486 7790,
Allectus,Alectus,,,,,,
Alonso Pérez de Guzmán,Duke of Medina,,,,,0000 0000 8780 6234,
Am,,,,,,0000 0001 1776 6780,
Amalthea,,,,,,-,
Ambrose,Ambrosius,,,,,,
Amphytrion,,,,,,-,
Amulius,,,,,,0000 0001 1663 3820,
Anacletus,,,,,,,
Anaximander,,,,,,0000 0003 8717 2077,
Anaximenes,Anaximenes of Miletus,,,,,0000 0000 9855 1863,
Ancus Marcius,Ancus Martius,,,,,0000 0000 6290 4153,
Andrea Alciati,,,,,,0000 0001 2279 8373,
Andrew Boorde,,,,,,0000 0000 6299 2923,
Andrew Perne,Dean of Ely,,,,,0000 0000 7819 2808,
Androgeus,,,,,,,
Angelo Poliziano,Angelo Ambrogini ,Politianus,,,,0000 0001 2099 0193,
Angelus Furius,,,,,,-,This is one of Harvey's personae.
Anonymous,,,,,,-,
Antenor,,,,,,-,
Anthony Cope,,,,,,0000 0000 4582 1479,
Anthony Shirley,Antonie Sherlie,Sherlius,,,,0000 0000 8385 4386,
Antigonus,,,,,,,
Antiochus III the Great,,,,,,0000 0003 8319 4877,
Antippus,,,,,,-,
Antisthenes,,,,,,0000 0001 1030 089X,
Antisthenes,,,,,,0000 0001 1030 089X,
Antoninus Pius,,,,,,0000 0001 1028 122X,
Antonio Colonna,,,,,,0000 0000 6133 3176,
Antonio de Guevara,,,,,,0000 0001 1735 468X,
Antonio de Nebrija,Antonius Nebrissensis,,,,,0000 0001 2138 5729,
Antonio del Corro,Antonie de Corro,,,,,0000 0001 1567 0427,
Antonio Mancinelli,,,,,,0000 0001 2125 3523,
Apelles,,,,,,0000 0000 3010 6368,
Aphthonius of Antioch,,,,,,0000 0003 8222 7614,
Apollo,,,,,,-,
Apollonius,Apolonius,,,,,0000 0004 4942 4891,
Apollonius of Tyana,,,,,,0000 0001 1503 4009,
Apostles,,,,,,-,
Appian,,,,,,0000 0001 1862 8005,
Appius Claudius Caecus,Centimanus,,,,,0000 0000 6291 4335,
Appius Claudius Caudex,,,,,,-,
Appius Claudius Crassus,,,,,,-,
Apuleius,,,,,,0000 0001 2126 8143,
Archidamus II,,,,,,-,
Archigallo,,,,,,,
Archimalus,Archimailus,,,,,,
Archimedes,,,,,,0000 0001 2277 8575,
Argus,,,,,,-,
Aristides,,,,,,0000 0000 7976 2980,
Aristippus,,,,,,0000 0003 5501 7910,
Aristogeiton,,,,,,-,
Aristomenes,,,,,,-,
Aristophanes,,,,,,0000 0001 2123 391X,
Aristotle,Aristoteles,,,,,0000 0001 2374 8095,
Arthmail,Archemailus,,,,,,
Ascanius,,,,,,-,
Asclepiades of Bithynia,,,,,,0000 0001 0823 4854,
Asclepiodotus,,,,,,0000 0003 8192 8099,
Asclepius,Asculapius,,,,,0000 0003 8204 9811,
Astrophilus,,,,,,0000 0003 9463 1331,
Athenaeus of Naucratis,,,,,,0000 0001 2103 3635,
Atlas,,,,,,-,
Auguselus,,,,,,,
Augustin Marlorat,,,,,,0000 0001 1023 6680,
Augustine,,,,,,0000 0001 2137 6443,
Augustinus Patritius,Augustinus Patritius de Piccolominibus ,Agostino Patrizi Piccolomini,,,,0000 0001 0855 4209,
Augustus,Augustus Caesar,,,,,0000 0001 2122 7317,
Aulus Atilius Calatinus,,,,,,-,
Aulus Cornelius Celsus,,,,,,0000 0004 2764 229X,
Aulus Cornelius Cossus,,,,,,-,
Aulus Furius Antias,,,,,,0000 0000 4939 0012,
Aulus Hirtius,,,,,,0000 0001 2283 4274,
Aulus Postumius Albus Regillensis,,,,,,0000 0000 0325 8315,
Aurelius Victor,,,,,,0000 0001 1766 9251,
Ausonius,,,,,,0000 0001 2147 4924,
Aventinus,,,,,,0000 0001 1022 8904,
Axiophilus,,,,,,-,This is one of Harvey's personae.
Bacchus,,,,,,-,
Baker of Bologna,Baker of Bononia,,,,,-,
Baldus de Ubaldis,Baldus,Baldo degli Ubaldi,,,,0000 0001 2320 1479,
Barnaby Rich,,,,,,0000 0001 3977 4394,
Bartholomew Clerke,,,,,,0000 0001 0783 8621,
Bartholomew Columbus,Bartholmew Colon,Barthilmolu Colon,,,,,
Barthélémy Aneau,,,,,,0000 0001 0893 7904,
Bartolomeo d'Alviano,,,,,,0000 0000 6266 4153,
Bartolomeo Fiesco,,,,,,,
Bartolus de Saxoferrato,Bartholus,,,,,0000 0001 2101 9841,
Basilius,,,,,,0000 0000 7820 4514,
Bede,,,,,,0000 0001 2096 2352,
Beduerus,,,,,,,
Beli ap Rhun,,,,,,,
Belinus,,,,,,,
Belisarius,,,,,,0000 0000 6678 4902,
Bellerophon,,,,,,-,
Bernardino de Mendoza,,,,,,0000 0000 6632 1203,
Bernardo Accolti,l'Unico Aretino,,,,,0000 0000 6123 2113,
Bernardo Dovizi,Cardinal Bibiena,Bernard Bibiena,,,,0000 0001 2120 8837,
Bias of Priene,,,,,,0000 0000 0361 2679,
Bion of Smyrna,,,,,,0000 0003 7121 1908,
Blaise de Vigenère,,,,,,0000 0001 2124 4539,
Bledricus,,,,,,,
Bledud,Bleduus,,,,,,
Bleduno,Bleduus,Bleyddy,,,,,
Blegabredus,Bledgabredus,,,,,,
Boethius,Anicius Manlius Severinus Boethius,Boetius,,,,0000 0001 2283 4442,
Bonaventure,Bonaventura,,,,,0000 0001 1774 1110,
Borgia,,,,,,-,
Boso,,,,,,,
Brennus,,,,,,0000 0004 3642 5369,
Brennus,,,,,,,
Brochwellus Skithrog,Brochwel Ysgithrog,,,,,,
Bulgarus,,,,,,0000 0000 7995 8799,
Cacus,,,,,,-,
Cadmus,,,,,,0000 0000 0325 7742,
Caduanus,,,,,,,
Cadwaladr,Cadwaladr ap Cadwallon,,,,,-,
Cadwallo Lewirh,,,,,,,
Cadwallon ap Cadfan,,,,,,-,
Caedwalla of Wessex,,,,,,,
Caelius Calcagninus,,,,,,0000 0001 0858 7078,
Caelius Rhodiginus,,,,,,0000 0001 2102 9708,
Caeso Quinctius,,,,,,-,
Cain,,,,,,-,
Cambyses II,,,,,,-,
Campaspe,,,,,,-,
Canius,,,,,,-,
Capenus,Cap,,,,,,
Caporus,Capoirus,,,,,,
Caradoc of Llancarfan,,,,,,,
Caratacus,Arviragus,,,,,,
Carlo Sigonio,Sigonius,,,,,0000 0000 7969 2775,
Carlo Tetti,,,,,,0000 0000 8160 2193,
Carlo Visconti,,,,,,0000 0000 6145 2589,
Carmenta,,,,,,-,
Carneades,,,,,,0000 0001 0490 3301,
Carolus Tettus,,,,,,-,
Cassibelanus,,,,,,,
Cassiodorus,Flavius Magnus Aurelius Cassiodorus Senator,,,,,0000 0001 1323 199X,
Cassius Dio,,,,,,0000 0001 2144 1495,
Castiglione,Castilio,Baldassare Castiglione,,,,0000 0001 2100 7795,
Castor,,,,,,-,
Castruccio Castracani,Castruccio,,,,,0000 0000 7357 8613,
Caterina Sforza,,,,,,0000 0001 0776 5565,
Cathell,Catellus,,,,,,
Catherine de' Medici,,,,,,0000 0001 2095 7473,
Cato the Elder,M. Cato,Marcus Cato,,,,0000 0001 2145 0009,
Cato the Younger,,,,,,0000 0000 6301 059X,
Catullus,Gaius Valerius Catullus,,,,,0000 0001 2145 2004,
Cebes,,,,,,0000 0001 1971 0254,
Celsus,,,,,,0000 0000 6851 1852,
Cephalus,,,,,,0000 0001 2120 617X,
Cesare Borgia,,,,,,0000 0001 2137 7091,
Cesare Gonzaga,,,,,,0000 0000 3012 5024,
Cesare Lilio,,,,,,-,
Chabrias,,,,,,-,
Charidemus,,,,,,-,
Charites,,,,,,-,
Charles de Lorraine,,,,,,0000 0000 0005 6646,
"Charles Howard, 1st Earl of Nottingham",,,,,,0000 0000 6311 3134,
"Charles III, Duke of Bourbon",,,,,,0000 0000 3025 8935,
Charles IX of France,,,,,,0000 0001 2142 8995,
Charles V,,,,,,0000 0001 2096 5852,
Cheldric,Cheldricus,,,,,,
Chenulfus,,,,,,,
Cheryn,Cherinus,,,,,,
Cheudo,,,,,,,
Christian II of Denmark,Christian the Tyrant ,,,,,0000 0000 6124 3138,
Christian III of Denmark,,,,,,0000 0000 5514 9487,
Christian IV of Denmark,,,,,,0000 0000 6301 3491,
Christian Ratz,,,,,,,
Christopher Hegendorphine,,,,,,0000 0001 2133 5879,
Chrysanthius,,,,,,-,
Chrysotechnus,,,,,,-,This is one of Harvey's personae.
Cicero,Tully,Marcus Tullius Cicero,,,,0000 0004 4939 6819,
Cineas,,,,,,0000 0000 0482 0592,
Claelia,,,,,,-,
Claudius Cantiuntula,,,,,,0000 0000 7977 9088,
Cledaucus,Dedacus,,,,,,
Cleisthenes,Clisthenes,Kleisthenes,,,,0000 0003 8202 6994,
Cleopatra,,,,,,0000 0004 5304 9473,
Cloelia,,,,,,-,
Clotheus,Cloteuus,,,,,,
Coill,Coilus,,,,,,
Columbus,Christofer Colon,Xpofer Colon,Christofer Colnmbus,Christopher Colon,,0000 0001 2122 2444,
Columella,Lucius Junius Moderatus Columella,,,,,0000 0001 2018 6322,
Conon,,,,,,0000 0003 8349 0529,
Conrad Lycosthenes,,,,,,0000 0001 0927 1796,
Consalvo Ferrando,,,,,,0000 0000 1798 4668,
Constantine,"Constantine, king of Dumnonia",,,,,,
Constantine I,Constantine the Great,,,,,0000 0003 9207 2863,
Corineus,,,,,,,
Cornelius Nepos,,,,,,0000 0001 2145 2020,
Cosimo de' Medici,,,,,,0000 0000 6631 5882,
Crates,,,,,,0000 0003 9205 7903,
Creusa,,,,,,,
Croesus,,,,,,0000 0000 6676 8443,
Cumaean Sibyl,,,,,,-,
Curatii,,,,,,-,
Curtius,Quintus Curtius Rufus,,,,,0000 0001 1877 9161,
Cygnus,,,,,,-,
Cynosura,,,,,,-,
Cyrus the Great,,,,,,0000 0004 3756 0028,
Cyrus the Younger,,,,,,0000 0000 9853 1635,
Daedalus,,,,,,-,
Damasippus,,,,,,-,
Dametas,,,,,,-,
Daniel,,,,,,-,
Dante Alighieri,,,,,,,
Daphne,,,,,,-,
Darius I,,,,,,0000 0001 2095 6470,
Darius III,,,,,,-,
Datames,,,,,,-,
David Chytraeus,Chytraus,David Kochhafe,,,,0000 0001 0915 8910,
David Magirus,,,,,,0000 0000 1363 015X,
Davus,,,,,,,
Decius,,,,,,-,
Delilah,,,,,,-,
Demades,,,,,,0000 0003 8849 4617,
Democritus,,,,,,0000 0004 4457 8840,
Demosthenes,,,,,,0000 0003 8307 4074,
Denis Godefroy,Dionysius Gothofredus,,,,,0000 0001 2129 8545,
Deucalion,,,,,,,
Diana,,,,,,-,
Dido,Elissa,Queen Dido,,,,-,
Dinus de Rossonibus de Mugello,Dynus Muxellanus,Dinus Mugellanus,,,,0000 0001 1580 7032,
Dio Chrysostom,Dion of Prusa,,,,,0000 0001 2283 5285,
Diocles,Diocles of Aetolia,,,,,-,
Diocles of Syracuse,,,,,,-,
Diogenes Laertius,,,,,,0000 0000 8120 1306,
Diogenes of Sinope,,,,,,0000 0004 4456 1870,
Diomedes,,,,,,0000 0000 6131 1321,
Dion of Syracuse,,,,,,0000 0004 5515 3602,
Dionotus,,,,,,,
Dionysius Cato,,,,,,0000 0000 7974 9401,
Dionysius I of Syracuse,,,,,,0000 0000 7979 5715,
Dionysius of Halicarnassus,Dionysius Halicarnasseus,,,,,0000 0003 9091 3825,
Divellius,Gligueilus,,,,,,
Doctor Faustus,,,,,,-,
Doldonius,Doldavius,,,,,,
Domenico da San Gimignano,,,,,,0000 0000 8141 626X,
Domitian,,,,,,0000 0001 2144 4389,
Draco,,,,,,-,
Drances,,,,,,-,
Dubricius,,,,,,,
Dubricius,Dubritius,,,,,,
Duns Scotus,,,,,,0000 0001 2149 1484,
Eagemius,,,,,,,
Edmund Campion,Edmundus Campianus,,,,,0000 0001 0910 4728,
Edmund Spenser,,,,,,0000 0004 5302 8242,
Edward Denny,,,,,,-,
Edward Dyer,,,,,,0000 0000 8361 7997,
Edward Wotton,,,,,,0000 0001 0804 9034,
Elanius,,,,,,,
Eldadus,,,,,,,
Eldodus,Eldon,,,,,,
Elidurus,,,,,,,
Elijah,,,,,,-,
Elisabetta Gonzaga,,,,,,0000 0000 7859 3185,
Elisha,,,,,,-,
Eliud,,,,,,,
Elizabeth I of England,,,,,,0000 0001 2144 6237,
Elsingius,Elfungus,,,,,,
Emerianus,,,,,,,
Emilia Pia da Montefeltro,,,,,,-,
Enniana,,,,,,,
Ennius,Quintus Ennius,Q. Ennius,,,,0000 0001 0920 8922,
Enteleches,,,,,,-,
Epaminondas,Epaminundas,,,,,0000 0000 2839 214X,
Epictetus,,,,,,0000 0001 2125 0744,
Epicurus,,,,,,0000 0001 2136 6309,
Epistemon,,,,,,-,
Erasmus,,,,,,0000 0001 2102 8828,
Eratosthenes,,,,,,,
Ergophilus,,,,,,-,
Eris,,,,,,-,
Ermolao Barbaro,Hermolao Barbaro,Hermolaus Barbarus ,,,,0000 0001 2133 7866,
Eudaemon,,,,,,-,
Eudoxus,,,,,,0000 0001 0869 7437,
Eudromus,,,,,,-,This is one of Harvey's personae.
Euhecticus,,,,,,-,This is one of Harvey's personae.
Euhemerus,,,,,,0000 0004 4937 2091,
Eumenes II,,,,,,-,
Eumenes of Cardia,,,,,,0000 0003 8323 5800,
Eunapius,,,,,,0000 0001 0868 0803,
Euripides,,,,,,0000 0001 2138 2034,
Euschemon,,,,,,-,
Euscopus,Euscopius,,,,,-,This is one of Harvey's personae.
Eusebius,,,,,,0000 0000 0384 2677,
Eustathius of Cappadocia,,,,,,0000 0001 1999 2095,
Eutrapelus,,,,,,-,This is one of Harvey's personae.
Eutuchus,,,,,,-,
Evander,Evandrus,,,,,0000 0000 1565 9853,
Eventus,,,,,,,
Evenus,,,,,,-,
Ezekiel,Ezechiel,,,,,0000 0001 0064 850X,
Ezra,Esdra,Ezras,,,,-,
Fabii,,,,,,-,
Fabius Maximus,,,,,,0000 0000 1063 6572,
Fabrizio Colonna,,,,,,0000 0001 2507 4346,
Federico da Montefeltro,Federico Duca d'Urbino,,,,,0000 0001 2137 9230,
Federico Grisone,,,,,,0000 0003 7603 4701,
Federigo Fregoso,,,,,,0000 0000 1337 0570,
Femaldolmos,Femaldolmus,,,,,,
Fernando Francesco d'Avalos,Marchese di Pescara,,,,,0000 0000 6136 3412,
Fernando Álvarez de Toledo,Duke d'Alva,,,,,0000 0001 1684 0635,
Filippo Decio,,,,,,0000 0000 8166 1660,
Flavius Eutropius,,,,,,0000 0001 2124 8871,
Flavius Lucanus,,,,,,-,
Florus,Lucius Annaeus Florus ,,,,,0000 0004 4927 7713,
Fortuna,,,,,,-,
Francesco Accolti,Francesco d'Arezzo,,,,,0000 0004 5674 3751,
Francesco di Porray,Francesco di Porras,,,,,,
Francesco Guicciardini,,,,,,0000 0001 2364 0471,
Francesco Sansavino,,,,,,0000 0001 2100 7154,
Francesco Sansovino,,,,,,0000 0001 2100 7154,
Francis Bacon,Bacon Cancellarius,,,,,0000 0001 2126 5700,
Francis Bryan,Francis Brian,,,,,-,
Francis Drake,,,,,,0000 0001 2145 2514,
Francis I of France,,,,,,0000 0001 2102 9337,
Francis Massij,,,,,,0000 0000 7139 5098,
Francis Vere,,,,,,0000 0000 8149 4700,
Francis Walsingham,,,,,,0000 0000 7974 7502,
Franciscus Patricius,Francesco Patrizi,Patritius,,,,0000 0001 0898 6618,
Francois Douaren,,,,,,0000 0000 8339 2601,
Francois Hotman,Hotomanus,,,,,0000 0001 2130 2452,
Francois Rabelais,,,,,,0000 0001 2277 5067,
Frederick Feltrius,,,,,,-,
Frederick II of Denmark,,,,,,0000 0000 6129 9035,
Fridlevus,,,,,,-,
Frontinus,Sextus Julius Frontinus,,,,,0000 0001 2120 9098,
Fulgenius,,,,,,,
Gabriel,,,,,,-,
Gabriel Argall,,,,,,-,
Gabriel Harvey,Harveius,Gabriel Huff-Snuff,Hobynol,Gabrielis Haruey,,0000 0000 7357 0531,
Gainas,,,,,,,
Gaius Asinius Pollio,,,,,,0000 0001 1683 1237,
Gaius Caesar,Gaius Vipsanius Agrippa,,,,,0000 0000 6299 390X,
Gaius Cassius Longinus,,,,,,0000 0000 8775 7524,
Gaius Claudius Nero,Claudius Nero,,,,,0000 0001 2141 6409,
Gaius Duilius,,,,,,-,
Gaius Fabricius Luscinus,C. Fabritius,,,,,-,
Gaius Flaminius Nepos,C. Flaminius,,,,,0000 0000 7976 2091,
Gaius Flavius Fimbria,,,,,,-,
Gaius Gracchus,C Gracchi,Gaius Sempronius,Gaius Sempronij,,,0000 0001 1673 674X,
Gaius Hostilius Mancinus,,,,,,0000 0000 2132 5673,
Gaius Licinius Stolo,,,,,,-,
Gaius Lutatius Catulus,,,,,,-,
Gaius Marius,C. Marius,,,,,0000 0001 0535 1908,
Gaius Marius the Younger,,,,,,0000 0001 0535 1908,
Gaius Mucius Scaevola,Mutius Scaevola,,,,,0000 0000 2355 5683,
Gaius Musonius Rufus,,,,,,0000 0000 8344 7748,
Gaius Popillius Laenas,,,,,,-,
Gaius Scribonius Curio,Curio,,,,,-,
Gaius Servilius Glaucia,,,,,,-,
Gaius Terentius Varro,,,,,,0000 0001 2145 2047,
Gaspar Corte-Real,Gaspar Cortereale,,,,,,
Gaspare Pallavicino,,,,,,-,
Gasparo Contarini,,,,,,0000 0001 0864 8715,
Geoffrey Chaucer,,,,,,0000 0003 7584 0787,
Geoffrey of Monmouth,,,,,,0000 0001 2321 2370,
George Buchanan,,,,,,0000 0001 2146 3184,
George Gascoigne,,,,,,0000 0000 7358 2970,
George Goring,,,,,,0000 0000 2874 1821,
George of Saxony,,,,,,0000 0000 6136 5899,
George Ripley,,,,,,,
Georgius Marquarolus,,,,,,,
Georgius Pictorius,,,,,,0000 0001 2099 2762,
Gerardus Mercator,,,,,,0000 0001 0884 2753,
Gerhard Dorn,,,,,,0000 0000 8344 4379,
Gerion,,,,,,,
Germanicus,Germanicus Julius Caesar,,,,,0000 0001 2133 9474,
Geruntius,Geruntus,,,,,,
Giacomo di Grassi,,,,,,0000 0004 2437 0719,
Gideon,,,,,,-,
Gillomanius,,,,,,,
Gimnasius,Gunfasius,,,,,,
Giovanni Battista Cipelli,Egnatius ,Battista Egnazio,Baptista Egnatio,,,0000 0001 0928 5733,
Giovanni Battista Porta,,,,,,0000 0001 0902 1180,
Giovanni Bertachini,Bertachinus,,,,,0000 0001 1562 0411,
Giovanni Boccaccio,,,,,,0000 0001 2101 8590,
Giovanni della Casa,,,,,,0000 0001 2138 8962,
Giovanni Nevizzano,,,,,,0000 0001 0869 7867,
Giovanni Paolo Cardelli,,,,,,-,
Giovanni Pontano,Jovianus Pontanus,,,,,0000 0001 2120 2726,
Girolamo Cardano,,,,,,0000 0000 8105 2996,
Girolamo Mercuriale,,,,,,0000 0001 2099 8152,
Girolamo Ruscelli,,,,,,0000 0001 2127 4500,
Giuliano di Lorenzo de' Medici,Juliano di Medici,,,,,0000 0001 1797 925X,
Glaucus,,,,,,-,
Gnaeus Cornelius Scipio Calvus,,,,,,-,
Gnaeus Manlius Vulso,,,,,,-,
Gnaeus Octavius,,,,,,-,
Gnaeus Papirius Carbo,,,,,,-,
Godfrey of Bouillon,,,,,,0000 0000 8358 5980,
Goliath,,,,,,-,
Gombertus,,,,,,,
Gonzalo Fernández de Córdoba,Consalvo di Cordova,,,,,0000 0000 1798 4668,
Gorbomannus,Gorbonianus,,,,,,
Gorgon,,,,,,-,
Gormondus,,,,,,,
Gratianus,,,,,,,
Gregory IX,,,,,,-,
Guerinus of Chartres,,,,,,,
Guidobaldo da Montefeltro,,,,,,0000 0000 6655 1498,
Guilelmus Damasus,,,,,,0000 0000 8003 8615,
Guillaume Bude,Budaeus,Guillaume Budé,,,,0000 0001 2103 6035,
Guillaume Du Bartas,,,,,,0000 0000 8153 3247,
Guillaume du Bellay,,,,,,0000 0000 8140 9131,
Guillaume Durand,Gulielmus Durandus,Speculator,,,,0000 0000 0048 8553,
Guintelinus,Guithelinus,,,,,,
Guitard,Guyntardus,,,,,,
Gurgiunt Barbtruc,Gurguintus,,,,,,
Gylippus,,,,,,-,
Hamilcar Barca,,,,,,0000 0003 7117 6954,
Hannah,,,,,,-,
Hannibal,,,,,,0000 0001 2129 582X,
Hasdrubal II,,,,,,-,
Hebe,,,,,,-,
Hecate,,,,,,-,
Hector,,,,,,-,
Heinrich Bebel,Bebelius,,,,,0000 0001 2099 9489,
Heinrich Cornelius Agrippa,,,,,,0000 0001 1022 7119,
Heinrich Glarean,Glareanus,,,,,0000 0001 2139 5425,
Heinrich Rantzau,Ranzovius,,,,,0000 0001 2123 9916,
Helena,,,,,,,
Helenus,,,,,,,
Helike,,,,,,-,
Helike,Hely,,,,,,
Helius Eobanus Hessus,,,,,,0000 0001 2281 6551,
Hengist,,,,,,,
Henri Estienne,Henricus Stephanus,,,,,0000 0001 2135 8683,
Henry Billingsley,,,,,,0000 0000 5464 0936,
Henry Frederick Stuart,"Henry Stuart, Prince of Wales",,,,,0000 0001 2211 7662,
Henry Harvey,Henricus Harvey,,,,,-,
"Henry I, duke of Guise",,,,,,0000 0001 2369 2597,
Henry III of France,,,,,,0000 0001 2319 7721,
Henry Stanley,Earl of Derby,Earl of Darbie,,,,0000 0000 5013 1827,
Henry Stuart,,,,,,0000 0000 5425 7814,
Henry VII,,,,,,,
Henry VIII,,,,,,0000 0001 2258 6127,
Hercules,,,,,,-,
Herennius Etruscus,,,,,,-,
Hermann Vulteius,,,,,,0000 0001 0914 5984,
Hermes,,,,,,-,
Hermes Trismegistus,Mercury Trismegistus,,,,,0000 0000 8102 7627,
Herodian,Herodianus ,,,,,0000 0001 2142 8274,
Herodotus,,,,,,0000 0001 2353 0133,
Hesiod,,,,,,0000 0001 2079 3528,
Hezekiah,,,,,,0000 0000 9717 9756,
Hiero I of Syracuse,,,,,,0000 0000 2219 2024,
Hiero II of Syracuse,,,,,,-,
Hierocles,,,,,,0000 0001 2270 5640,
Hipparchus,,,,,,,
Hippocrates,,,,,,0000 0004 3523 8545,
Hippolito Giramo,,,,,,-,
Hoelus,,,,,,,
Hoelus,,,,,,,
Hoelus Magnus,,,,,,,
Hoelux Dux,,,,,,,
Holdinus,,,,,,,
Homer,Homerus,,,,,0000 0003 6354 151X,
Horace,,,,,,0000 0001 2145 2178,
Horatii,,,,,,-,
Horatius Cocles,,,,,,0000 0001 1069 1317,
Hostius Hostilius,,,,,,-,
Humphrey Gilbert,,,,,,0000 0000 7369 8279,
Hushai,Chusaius,,,,,-,
Idwal Iwrch,,,,,,-,
Idwall,Idwallo,,,,,,
Ignoge,Ignogen,Innogen,,,,,
Imbaltus,Jubaltus,,,,,,
Ine of Wessex,,,,,,,
Iphirates,,,,,,-,
Ismael Mursa,,,,,,-,
Isocrates,,,,,,0000 0001 2128 0716,
Ivor,,,,,,,
Jabolenus,,,,,,0000 0004 5308 1852,
Jacob Acontius,Jacopo Aconcio,,,,,0000 0000 6629 9085,
Jacobus Calandrus,,,,,,0000 0003 7620 2533,
Jacobus Raevardus,Raevardus,,,,,0000 0001 0802 9922,
Jacopo di Porcia,Jacobi Comitis Purliliarum,,,,,0000 0000 1219 8270,
Jacopo Sadoleto,,,,,,0000 0001 2282 0198,
Jacopo Sannazaro,Sanazarus,,,,,0000 0001 1507 1854,
Jacques Bourlé,,,,,,0000 0003 5901 8718,
Jacques Cujas,Cuiacius,,,,,0000 0001 2131 2191,
Jakob Omphal,Iacobus Omphalius Andernacus,,,,,0000 0001 1567 3417,
James Hepburn,,,,,,0000 0000 2367 9897,
James Stewart 1st Earl of Moray,,,,,,-,
James V of Scotland,,,,,,0000 0003 8316 4504,
James VI and I,James I of England,,,,,0000 0001 0922 9555,
Janus,Janus Bifrons,,,,,0000 0000 8402 2637,
Janus Lascaris,,,,,,0000 0000 7973 0129,
Jason,,,,,,-,
Jean Bellon,Bellonus,,,,,0000 0001 1739 7700,
Jean Bodin,,,,,,0000 0001 2134 824X,
Jean Crespin,Johannes Crispinus,,,,,0000 0001 2120 2355,
Jean de Bellièvre,Belleurus,,,,,0000 0000 2862 4246,
Jehu,,,,,,-,
Jeremiah,,,,,,0000 0000 9722 4246,
Jerome,Hieronymus,,,,,0000 0001 2321 3293,
Jesus Christ,,,,,,-,
Joachim du Bellay,Bellaius,,,,,0000 0001 2278 5556,
Joachim Fortius Ringelberg,Fortius,Joachim Sterck van Ringelberg,,,,0000 0001 2125 5385,
Joachim Hoppers,Joachim Hopperus,,,,,0000 0001 0865 1965,
Joachim Perion,Perionius,,,,,0000 0001 2099 8021,
Johann Apel,,,,,,0000 0000 6680 5427,
Johann Faber,,,,,,0000 0000 7713 1616,
Johann Oldendorp,,,,,,0000 0001 1797 626X,
Johann Thomas Freigius,,,,,,0000 0000 8120 7900,
Johannes Althusius,,,,,,0000 0001 1821 8006,
John Bale,Baleus,,,,,,
Johannes de Sacrobosco,,,,,,0000 0000 6204 4202,
Johannes de Stynna,,,,,,0000 0000 3232 5564,
Johannes Drusius,,,,,,0000 0001 0876 2710,
Johannes Jacob Wecker,,,,,,0000 0001 2279 7426,
Johannes Jacobus Manlius,,,,,,0000 0000 8123 1302,
Johannes Kauffer,Kaufer,,,,,0000 0000 1321 3460,
Johannes Magnus,,,,,,0000 0001 1736 3674,
Johannes Manardus,,,,,,0000 0000 7243 4167,
Johannes Matalius Metellus,Jean Matal,,,,,0000 0001 1021 692X,
Johannes Pomerantz,,,,,,0000 0001 2118 5292,
Johannes Rosinus,,,,,,0000 0001 2277 5198,
Johannes Sturm,Ioannes Sturmius,,,,,0000 0001 2277 1701,
Johannes Trithemius,,,,,,0000 0001 2144 2025,
Johannes Velcurio,Johannes Bernhardi Velcurio,,,,,0000 0000 6919 3374,
John Astley,,,,,,0000 0000 8128 4391,
John Baret,,,,,,0000 0003 9636 6594,
John Barrett,,,,,,0000 0003 9636 6594,
John Dee,Joannes Dee,,,,,0000 0001 2278 5193,
John Eliot,,,,,,0000 0000 6635 0303,
John Eliot,,,,,,-,
John Foxe,,,,,,0000 0000 8076 828X,
John Funecius,Johann Funch,John Funeccius,,,,0000 0001 0862 1598,
John Hart,Chester,,,,,0000 0000 5152 7559,
John Hatsell,,,,,,-,
John Hester,,,,,,0000 0000 8155 8858,
John Heywood,,,,,,0000 0000 6300 3234,
John Knox,,,,,,0000 0001 1880 1517,
John Norris,,,,,,0000 0000 7150 7299,
John of Damascus,,,,,,0000 0004 4883 7889,
John Osorius,Osorius,,,,,0000 0001 0899 9443,
John Ponet,,,,,,0000 0000 8100 0109,
John Scoggin,,,,,,-,
John Skelton,,,,,,0000 0001 0883 1157,
John Skinner,,,,,,-,
John Stow,,,,,,0000 0001 2119 4623,
John the Evangelist,,,,,,0000 0004 4499 8394,
John Winthrop,,,,,,,
John Wood,Joannis Woddus,,,,,-,
John Young,Rochester,,,,,0000 0000 8343 1287,
Jonathan,,,,,,-,
Joseph Justus Scaliger,,,,,,0000 0001 2125 8359,
Jove,,,,,,-,
Juan Luis Vives,,,,,,0000 0001 2138 6588,
Juba I of Numidia,,,,,,0000 0003 5709 3001,
Judas Maccabeus,,,,,,0000 0004 4888 0094,
Jugurtha,,,,,,0000 0001 0060 6422,
Julian,,,,,,0000 0001 2134 5428,
Julius Caesar,,,,,,0000 0003 8247 3815,
Julius Obsequens,,,,,,0000 0000 8169 4665,
Julius Pomponius Laetus,Giulio Pomponio Leto,,,,,0000 0001 2135 5239,
Juno,,,,,,-,
Jupiter,,,,,,-,
Justin,Marcus Junianius,,,,,0000 0001 2124 4766,
Justinian,,,,,,0000 0000 8078 3180,
Justus Jonas,,,,,,0000 0001 2126 7263,
Juvenal,,,,,,-,
Kamber,Kambrus,,,,,,
Kimarus,,,,,,,
King Arthur,,,,,,-,
King David,,,,,,0000 0001 0137 3309,
King John,,,,,,0000 0000 6314 7115,
King Stephen,,,,,,0000 0000 6700 5181,
Konrad Heresbach,Conradus Heresbachius,,,,,0000 0001 1946 2369,
Konrad Lagus,,,,,,0000 0001 0913 2278,
Kymbelinus,,,,,,,
Kynvarch,,,,,,,
Labdon,,,,,,-,
Lambert Daneau,,,,,,0000 0001 2139 3075,
Lancelot Brown,Brounus,,,,,,
Lares,,,,,,,
Lars Tolumnius,,,,,,-,
Laura,,,,,,-,
Laurence Humfrey,,,,,,0000 0001 1557 2106,
Lavinia,,,,,,,
Leolinus,,,,,,,
Leonard Digges,,,,,,0000 0000 3940 5727,
Leonidas I,,,,,,-,
Levinus Lemnius,,,,,,0000 0001 2138 1007,
Libanius,,,,,,0000 0001 2122 2137,
Liber,,,,,,,
Lipsius,,,,,,0000 0001 2132 706X,
Livia,,,,,,0000 0001 2124 247X,
Livia Claudia,,,,,,-,
Livy,Livius,,,,,0000 0001 2283 4055,
Llew,,,,,,,
Locrinus,,,,,,,
Lodovico Dolce,,,,,,0000 0001 2117 9490,
Lodovico Domenichi,,,,,,0000 0001 2119 4578,
Lorenzo de' Medici,,,,,,0000 0000 6154 7027,
Lorenzo Valla,,,,,,0000 0001 2125 8391,
Lot,Loth,,,,,,
Louis VIII of France,,,,,,0000 0000 6136 0801,
Lucan,,,,,,0000 0001 2145 5029,
Lucian,Lucianus,,,,,0000 0004 1990 1458,
Lucius Aemilius Paulus Macedonicus,Paulus,L. Paulus,,,,0000 0003 8537 9250,
Lucius Antonius,,,,,,-,
Lucius Appuleius Saturnius,,,,,,-,
Lucius Cornelius Balbus,,,,,,0000 0000 9192 9544,
Lucius Cornelius Cinna,,,,,,0000 0000 9989 0031,
Lucius Cornelius Scipio Asiaticus,,,,,,0000 0004 1980 1537,
Lucius Junius Brutus,L. Brutus,,,,,0000 0004 4891 5955,
Lucius Licinius Crassus,,,,,,0000 0000 6312 9195,
Lucius Licinius Lucullus,,,,,,0000 0001 1762 669X,
Lucius Marcius,Lucius Martius,,,,,-,
Lucius Marcius Septimus,,,,,,-,
Lucius Mummius Achaicus,,,,,,-,
Lucius Papirius Cursor,Papirius Cursor ,,,,,0000 0000 1571 0102,
Lucius Papirius Cursor II,,,,,,-,
Lucius Postumius Albinus,,,,,,-,
Lucius Postumius Megellus I,,,,,,-,
Lucius Sergius Catilina,Catiline ,,,,,0000 0001 0920 1114,
Lucius Tarquinius Collatinus,,,,,,-,
Lucius Tarquinius Superbus,,,,,,-,
Lucius Tiberius,,,,,,,
Lucius Valerius Poplicola Balbinus Maximus,,,,,,-,
Lucius Virginius Centurio,,,,,,-,
Lucius Volumnius Flamma Violens,,,,,,-,
Lucretia,,,,,,0000 0004 4887 2246,
Lud,,,,,,,
Ludovico Ariosto,,,,,,0000 0001 2138 5817,
Ludovico da Canossa,,,,,,0000 0001 1605 0481,
Ludovico Sforza,,,,,,0000 0001 2142 840X,
Ludovicus Regius,Loys le Roy,,,,,0000 0001 2131 1471,
Luke,,,,,,0000 0004 4937 0002,
Luther,,,,,,0000 0001 2121 4073,
Lycurgus of Sparta,,,,,,0000 0003 8325 725X,
Lysander,,,,,,-,
M. Centenius Penula,,,,,,-,
M. Duellius,,,,,,-,
Maarten Schenck,Captain Skinks,,,,,0000 0000 5961 3304,
Machiavelli,,,,,,0000 0001 2144 1233,
Macrobius,,,,,,0000 0001 1624 565X,
Madoc,Madoc ap Owen Gwynnedd,Madoc ap Owain Gwynnedd,,,,,
Maelgwn,Malgo,Melgo,,,,,
Magellanus Dynus,Magellanus Dinus,,,,,-,
Maharbal,,,,,,-,
Manius Curius Dentatus,M. Curius,,,,,-,
Manophilus,,,,,,-,
Marcantonio Colonna,,,,,,0000 0000 6133 3176,
Marcantonio Gandino,Gandinus,,,,,0000 0001 2144 1006,
Marcellinus,,,,,,0000 0003 5771 1834,
Marcellus Palingenius Stellatus,,,,,,0000 0000 8118 4905,
Marcius Coriolanus,Gaius Marcius Coriolanus,Coriolanus,,,,-,
Marco Antonio Casanova,,,,,,-,
Marcus Aemilius Lepidus,,,,,,0000 0000 7822 1453,
Marcus Aemilius Scaurus,,,,,,-,
Marcus Antistius Labeo,,,,,,-,
Marcus Antonius Coccius Sabellicus,Sabellico,,,,,-,
Marcus Atilius Regulus,,,,,,0000 0000 3472 2221,
Marcus Aurelius,Antoninus,,,,,0000 0001 1031 946X,
Marcus Claudius Marcellus,,,,,,0000 0000 7782 5095,
Marcus Fulvius Nobilior,,,,,,-,
Marcus Furius Camillus,Furius Camillus,,,,,0000 0000 9197 3596,
Marcus Junius Brutus the Younger,Brutus,,,,,0000 0004 5442 5688,
Marcus Licinius Crassus,,,,,,0000 0001 1932 453X,
Marcus Livius Drusus,,,,,,0000 0000 1390 9070,
Marcus Livius Salinator,,,,,,-,
Marcus Manlius Capitolinus,,,,,,0000 0000 2753 0280,
Marcus Minucius Rufus,,,,,,-,
Marcus Terentius Varro,,,,,,0000 0001 2145 2047,
Marcus Valerius Corvus,,,,,,-,
Marcus Valerius Messalla Corvinus,,,,,,0000 0001 0920 2301,
Marcus Velleius Paterculus,,,,,,0000 0001 2283 4207,
Marcus Vipsanius Agrippa,,,,,,0000 0001 1590 0069,
Margadud,,,,,,,
Margaret Reres,,,,,,-,
Marguerite de Navarre,,,,,,0000 0001 2140 7748,
Mariano Fetti,,,,,,-,
Mark Antony,Marcus Antonius,Marc Antony,,,,0000 0000 8016 5913,
Mark the Evangelist,,,,,,0000 0003 8214 8035,
Mars,,,,,,-,
Martial,,,,,,0000 0001 2358 4924,
Martin Crusius,,,,,,0000 0001 2122 6250,
Martin du Bellay,,,,,,0000 0000 7971 8349,
Martin Frobisher,,,,,,0000 0000 7357 0128,
Martin Marprelate,Martin Marr-Prelate,,,,,0000 0000 8155 4486,
Martín Cortés de Albacar,,,,,,0000 0001 0803 9020,
Mary of Guise,,,,,,-,
Mary Queen of Scots,,,,,,0000 0001 2103 5913,
Mary Young,,,,,,-,
Masanissa,Massanissa,Massena,Masinissa,,,0000 0003 7443 4381,
Matteo Maria Boiardo,,,,,,0000 0001 2128 8486,
Mattheus van Wesenbeek,Vesenbecius,,,,,0000 0001 0899 8117,
Matthew,,,,,,0000 0000 9518 8544,
Matthew Parker,,,,,,0000 0000 8127 2462,
Matthew Sutcliffe,,,,,,0000 0000 7974 0431,
Maurice Poncet,,,,,,0000 0000 0085 4066,
Maurus Servius Honoratus,,,,,,0000 0000 1558 7909,
Maximianus,,,,,,,
Medusa,,,,,,-,
Menander,,,,,,0000 0003 7418 9697,
Menenius Agrippa Lanatus,,,,,,-,
Mercury,,,,,,-,
Merianus,Meirion,,,,,,
Meriones,,,,,,-,
Merlin,,,,,,-,
Mettius Fufetius,,,,,,-,
Michael Neander,,,,,,0000 0001 1029 7221,
Michael Scotus,,,,,,0000 0001 1030 8162,
Michelangelo,Michel'Angelo,,,,,0000 0001 2124 3640,
Micio,Mitio,,,,,,
Micipsa,Mikiwsen,,,,,-,
Miguel Corte-Real,Michael Cortereale,,,,,,
Miltiades,,,,,,0000 0000 7821 0113,
Minerva,,,,,,-,
Minio,,,,,,-,
Minotaur,,,,,,-,
Mithridates II of Cius,,,,,,-,
Mithridates VI of Pontus,,,,,,0000 0003 8134 7761,
Mnemosyne,,,,,,-,
Mnemosynon,,,,,,-,
Momus,,,,,,-,
Monophilus,,,,,,-,
Morgan,Morganus,,,,,,
Morianus,,,,,,,
Morindus,,,,,,,
Moschion,,,,,,0000 0000 9315 106X,
Moses,,,,,,0000 0001 0178 2364,
Murad II,,,,,,0000 0000 8426 9728,
Mureif,Murais,Mureith,,,,,
Muses,,,,,,-,
Musidorus,,,,,,-,
Nabis of Sparta,,,,,,0000 0003 9075 2013,
Nectanebo,,,,,,,
Nennius,,,,,,,
Nennius,,,,,,0000 0001 1562 4340,
Neophoebus,,,,,,-,
Neptune,,,,,,-,
Nero,,,,,,0000 0001 2141 6409,
Nero Claudius Drusus,,,,,,0000 0000 0925 8826,
Nestor of Gerenia,,,,,,-,
Nicasius de Voerda,,,,,,0000 0000 6149 4121,
Niccolo Perotti,,,,,,0000 0001 2128 9876,
Nicholas Bacon,,,,,,0000 0000 6316 8856,
Nicholas Piccininus,,,,,,-,
Nicholas Throckmorton,Nicholas Throgmarton,Nicolas Trogmorton,,,,0000 0000 7414 7647,
Nicolaas Everaerts,Nicolaus Everardus,,,,,0000 0000 8013 0542,
Nicolas Barnaud,Eusebius Philadelphus Cosmopolita,Eusebius Philadelphus ,,,,0000 0001 0830 172X,
Nicolas Virgil,,,,,,-,
Nicomedes,,,,,,-,
Nicostratus,,,,,,,
Nikolaus Vigel,Nicolaus Vigelius,,,,,0000 0000 8086 7106,
Ninus,,,,,,-,
Numa Pompilius,,,,,,0000 0000 0265 4279,
Odysseus,,,,,,-,
Olaus Magnus,,,,,,0000 0001 2276 4659,
Oliver Cromwell,,,,,,0000 0001 2100 5431,
Omer Talon,Audomarus Talaeus,,,,,0000 0000 8120 3758,
Onias I,,,,,,-,
Onofrio Panvinio,Onuphrius Panvinius,,,,,0000 0001 2101 221X,
Orosius,Paulus Orosius,,,,,0000 0001 2117 8754,
Orpheus,,,,,,-,
Osiris,,,,,,,
Ottaviano Fregoso,S. Ottauian Fregoso,,,,,0000 0003 5905 5703,
Ottmar Luscinius,,,,,,0000 0001 1437 7739,
Otto Vollbehr,,,,,,-,
Outis,,,,,,-,
Ovid,,,,,,0000 0001 2142 7757,
Ovinus,Oenus,,,,,,
,,,,,,,
Palamedes,,,,,,-,
Palladius,Rutilius Taurus Aemilianus Palladius,,,,,0000 0000 8132 2992,
Pamela,,,,,,-,
Panaetius,,,,,,0000 0001 1678 7723,
Pandrasus,,,,,,,
Panurge,Panurgus,Panergus,,,,-,
Paolo dell'Ottonaio,,,,,,-,
Paolo Giovio,,,,,,0000 0001 0858 0570,
Paracelsus,,,,,,0000 0001 2276 427X,
Paracelsus,Philippus Aureolus Theophrastus Bombastus von Hohenheim,,,,,0000 0001 2276 427X,
Pardoux Duprat,Pardulphus Prateius,,,,,0000 0000 6631 2198,
Paris of Troy,,,,,,-,
Parmenion,,,,,,-,
Pascentius,,,,,,,
Patroclus,,,,,,0000 0004 4887 2377,
Paulus Aemilius Veronensis,,,,,,0000 0001 2138 8858,
Paulus Crusius,,,,,,0000 0000 5122 3467,
Pausanias,,,,,,,
Penelope,,,,,,-,
Peredurus,,,,,,,
Periander,,,,,,-,
Pericles,,,,,,0000 0001 2145 9214,
Perseus,,,,,,-,
Perseus of Macedon,King Perseus,,,,,0000 0004 4887 6167,
Persius,,,,,,0000 0001 2145 1431,
Pescennius Niger,,,,,,0000 0004 3741 7619,
Peter Apian,,,,,,0000 0001 1816 2508,
Peter Baro,Doctor Baro,,,,,0000 0000 9140 7367,
Peter of Ravenna,Petrus Ravennus,"Tommai, Pietro",,,,0000 0001 2085 8299,
Petrarch,,,,,,0000 0001 2128 7790,
Petrus Bizarus,,,,,,0000 0001 1856 5219,
Petrus Martinius,,,,,,0000 0001 1027 6789,
Petrus Navarra,Pietro di Navarra,,,,,0000 0001 1937 3921,
Petrus Ramus,,,,,,0000 0001 0889 4983,
Phanias physicus,,,,,,0000 0001 3904 755X,
Philautus,,,,,,-,
Philip II of Macedon,,,,,,0000 0003 8172 7246,
Philip II of Spain,,,,,,0000 0001 0837 7767,
Philip Sidney,,,,,,0000 0001 2138 6465,
Philip V of Macedon,,,,,,0000 0000 6299 649X,
Philipp Melanchthon,,,,,,0000 0001 2140 0378,
Philippe de Commines,Philippus Cominaeus,,,,,0000 0001 1686 395X,
Philippe de Mornay,Junius Brutus,Brutus the Celt,,,,0000 0001 0927 3134,
Philistines,,,,,,-,
Philoclea,,,,,,-,
Philomela,,,,,,-,
Philomenes,,,,,,-,
Philopoemen,,,,,,0000 0003 5799 0765,
Philostratus,,,,,,0000 0004 3482 1261,
Philotimus,,,,,,-,
Phocion,,,,,,0000 0000 9005 4547,
Phraates III of Parthia,,,,,,-,
Pierides,,,,,,-,
Pierre Chevalier,Petrus Cevalerius,,,,,0000 0000 8004 9963,
Pierre Gregoire,Pierre Grégoire,,,,,0000 0001 0327 7265,
Pieter Cornelius van Brederode,,,,,,0000 0001 0860 3736,
Pietro Aretino,,,,,,0000 0001 2102 0148,
Pietro Bembo,Bembo,,,,,0000 0001 2133 3558,
Pietro Pomponazzi,,,,,,0000 0001 0881 7208,
Pievano Arlotto,Piovano,,,,,0000 0001 1648 6488,
Pindar,,,,,,0000 0001 2145 1036,
Pisistratus,Peisistratos,,,,,0000 0000 9111 8012,
Pittacus of Mytilene,,,,,,-,
Plato,,,,,,0000 0001 2096 7858,
Plautus,,,,,,0000 0001 2137 1386,
Pliny the Elder,Gaius Plinius Secundus,,,,,0000 0001 2321 3947,
Pliny the Younger,,,,,,0000 0001 2099 0775,
Plutarch,,,,,,0000 0003 6386 663X,
Pluto,,,,,,-,
Poggio Bracciolini,Poggius,,,,,0000 0001 0876 3916,
Pollux,,,,,,-,
Polyaenus,Polyenus,,,,,0000 0000 8339 499X,
Polybius,,,,,,0000 0001 2098 7680,
Polydore Virgil,,,,,,0000 0001 2102 9644,
Polyxenidas,,,,,,-,
Pompeius Trogus,,,,,,0000 0001 0903 159X,
Pompey,Pompey the Great,Gnaeus Pompeius Magnus,,,,0000 0003 7448 5904,
Virunius,Ludovico da Ponte,Ludovicus Ponticus Virunius,,,,0000 0001 1950 4602,
Pontius Telesinus,,,,,,-,
Pope Adrian VI,,,,,,0000 0001 1029 782X,
Pope Alexander VI,,,,,,0000 0001 2117 9247,
Pope Clement VII,,,,,,0000 0001 2143 2441,
Pope Julius II,,,,,,0000 0001 2132 6761,
Pope Julius III,,,,,,0000 0000 6128 022X,
Pope Sergius I,,,,,,0000 0000 0252 5020,
Porrex,,,,,,,
Praestonus,,,,,,-,
Priam,,,,,,-,
Proaeresius,,,,,,-,
Procas,,,,,,-,
Prohaeresius,,,,,,-,
Prometheus,,,,,,-,
Prospero Colonna,,,,,,0000 0001 1812 582X,
Proteus,,,,,,-,
Ptolemy,,,,,,0000 0000 2555 1002,
Publilius Syrus,,,,,,0000 0000 7971 7020,
Publius Cornelius Scipio,,,,,,0000 0004 3995 8355,
Publius Cornelius Scipio Nasica Corculum,P. Scipio Nasica,,,,,0000 0003 9126 4054,
Publius Decius Mus I,,,,,,-,
Publius Horatius,,,,,,-,
Publius Licinius Crassus,,,,,,0000 0000 6312 9195,
Publius Papinius Statius,,,,,,0000 0001 1856 6297,
Publius Sempronius Tuditanus,,,,,,-,
Publius Valerius Laevinus,,,,,,-,
Publius Valerius Publicola,P. Valerius,,,,,0000 0000 5722 1008,
Publius Villius Tappulus,,,,,,-,
Pyrocles,,,,,,-,
Pyrrhus,Neoptolemus,,,,,,
Pyrrhus of Epirus,,,,,,0000 0003 7385 2266,
Pyrrus,Pir,,,,,,
Pythagoras,,,,,,0000 0003 7498 4682,
Pythius,,,,,,-,
Quinctius Cincinnatus,Titus Quinctius Cincannatus,Lucius Quinctius Cincinnatus,,,,0000 0000 3829 5829,
Quintilian,Marcus Fabius Quintilianus,,,,,0000 0001 2127 1967,
Quintus Caecilius Metellus Celer,,,,,,-,
Quintus Caecilius Metellus Macedonicus,Q. Metellus,,,,,-,
Quintus Caecilius Metellus Numidicus,,,,,,-,
Quintus Caecilius Metellus Pius,,,,,,-,
Quintus Cervidius Scaevola,,,,,,0000 0000 4729 9928,
Quintus Fabius Maximus Rullianus,,,,,,-,
Quintus Fabius Vibulanus,,,,,,-,
Quintus Petillius Cerialis,,,,,,0000 0003 7890 7799,
Quintus Sertorius,,,,,,0000 0000 7858 5812,
Raffaello Maffei,Raphael Volaterranus,Maffeus Volaterranus,,,,0000 0001 1020 5278,
Raphael,Rafaello,,,,,0000 0001 2136 483X,
Raphael Holinshed,,,,,,0000 0001 0858 7887,
Redargius,Rodrecius,,,,,,
Rederchius,Rodrecius,,,,,,
Remus,,,,,,-,
Renato Bianco,Rene le Florentin,,,,,-,
Rhun Hir,,,,,,,
Rice ap Howell Beda Dee,,,,,,-,
Rice Merik,Rice Merrick,,,,,0000 0000 3005 8060,
Richard Bancroft,,,,,,0000 0000 8235 8276,
Richard Grafton,,,,,,0000 0000 6322 8783,
Richard Hakluyt,,,,,,0000 0001 2134 8987,
Richard Howland,Bishop of Peterborough,,,,,-,
Richard Laugherne,Lawhorne,Lauhernus,,,,,
Richard Lloyd,,,,,,0000 0000 7248 0809,
Richard Morrison,Richard Morysine,Richard Morison,,,,0000 0000 8388 4702,
Richard Mulcaster,,,,,,0000 0000 7363 0952,
Richard of Venosa,,,,,,0000 0000 5656 2441,
Richard Remington,,,,,,-,
Richard Tarleton,,,,,,0000 0000 6323 1472,
Robert Barnes,,,,,,0000 0001 0916 5424,
Robert Cecil,Earle of Salisburie,,,,,0000 0000 8153 627X,
Robert Devereux,,,,,,0000 0001 2138 2245,
Robert Dudley,Earl of Leicester,,,,,0000 0000 6631 3852,
Robert Greene,,,,,,0000 0001 0883 135X,
Robert of Avesbury,,,,,,0000 0004 4885 796X,
Roberto Maranta,,,,,,0000 0001 0877 2193,
Robertus Valturius,,,,,,0000 0000 6632 4455,
Rodian,Redion,,,,,,
Rodolphus Agricola,,,,,,0000 0001 2275 7539,
Roger Ascham,,,,,,0000 0001 1044 4914,
Roger Bacon,,,,,,0000 0001 1850 8580,
Roger Williams,,,,,,0000 0001 1271 3030,
Romulus,,,,,,-,
Rudolf II,,,,,,0000 0003 9904 5251,
Sabines,,,,,,-,
Sabinianus,,,,,,-,
Saburra,,,,,,-,
Saint Anthony of Padua ,,,,,,0000 0001 2279 812X,
Saint Dominic,Domenicus,,,,,0000 0001 2122 2823,
Saint Paul,,,,,,-,
Saint Servatius,,,,,,-,
Saint Vincentius,,,,,,0000 0000 1059 0869,
Saladin,,,,,,0000 0001 2143 1502,
Sallust,Crispus,,,,,0000 0001 2146 2501,
Salomon,,,,,,,
Salomon,,,,,,,
Samnites,,,,,,-,
Samson,,,,,,-,
Samuel Beulanius,,,,,,,
Samuel Torshell,Samuel Torshel,,,,,,
Samuilpenissel,Saulpenisel,,,,,,
Sater,,,,,,,
Saturn,,,,,,-,
Saul,,,,,,0000 0001 2283 424X,
Scaeva,,,,,,,
Scipio Aemilianus,Publius Cornelius Scipio Aemilianus Africanus Numantinus,Scipio Africanus the Younger ,,,,0000 0004 3981 2815,
Scipio Africanus,Aphricanus,Publius Africanus,,,,0000 0004 3655 2990,
Sebastian Munster,Munsterus,,,,,0000 0001 2279 8357,
Semiramis,,,,,,0000 0004 4889 2933,
Seneca,Seneca the Younger,,,,,0000 0001 2103 0100,
Seneca the Elder,,,,,,0000 0001 0855 9368,
Serafino,,,,,,0000 0000 7002 8130,
Servilius Novianus,,,,,,0000 0000 0368 543X,
Servius Sulpicius Rufus,Sulpitious,Sulpitius,,,,0000 0001 0124 0346,
Servius Tullius,,,,,,0000 0004 4886 7842,
Seuthes I,,,,,,-,
Sextus Pompeius Festus,,,,,,0000 0001 3897 3519,
Sextus Pompey,,,,,,0000 0003 5773 9896,
Sextus Propertius,,,,,,0000 0001 2103 4435,
Sextus Tarquinius,,,,,,-,
Sidonius Apollinaris,Gaius Sollius (Modestus) Apollinaris Sidonius,,,,,0000 0001 2142 9795,
Sigismondo Pandolfo Malatesta,,,,,,0000 0000 8129 1225,
Sigismund Gelenius,,,,,,0000 0001 2120 9864,
Silius,Sisillius,,,,,,
Silius Italicus,Tiberius Catius Asconius Silius Italicus,,,,,0000 0001 0881 4517,
Simon Grynaeus,,,,,,0000 0001 2101 3079,
Simon I,Simon Oniae,,,,,-,
Simon Robson,,,,,,-,
Sinon,,,,,,-,
Siren,,,,,,-,
Sisillus,Sisillus,,,,,,
Sisyphus,,,,,,-,
Socrates,,,,,,0000 0001 2142 6535,
Sofitheus,,,,,,-,
Solinus,,,,,,0000 0000 8381 8625,
Solomon,Salomon,,,,,-,
Solon,,,,,,0000 0001 1161 5631,
Sophocles,,,,,,0000 0001 2283 6085,
Sordello,Sordello da Goito,,,,,0000 0000 8127 3174,
Sosipatra,,,,,,0000 0000 8082 3488,
Spartacus,,,,,,0000 0001 2142 912X,
Spurius Cassius Viscellinus,,,,,,0000 0004 1618 4529,
Spurius Maelius,,,,,,-,
Spurius Postumius Albinus Regillensis,,,,,,-,
Spurius Tarpeius,,,,,,-,
St. Barnabas,,,,,,-,
St. Boniface,S. Bonifacius,Bonifacius,,,,0000 0004 4936 4905,
St. George,,,,,,-,
St. John,,,,,,-,
St. Mark,,,,,,-,
St. Paul,,,,,,-,
St. Perpetuus,S. Perpetuus,,,,,0000 0000 5890 3510,
St. Peter,,,,,,-,
St. Samson,Samson of Dol,,,,,,
St. Victor,S. Victor,,,,,-,
Stefano Guazzo,,,,,,0000 0000 8156 545X,
Stephen Gardiner,,,,,,0000 0000 6299 3643,
Sthenippus,,,,,,-,
Stigmatophoxus,,,,,,-,
Strabo,,,,,,,
Suetonius,,,,,,0000 0001 2102 9695,
Sulla,Lucius Cornelius Sulla Felix,Sylla,,,,0000 0001 0761 0985,
Sutrini,,,,,,-,
Sybil,,,,,,-,
Sylvius Alba,,,,,,,
Sylvius Latinus,,,,,,,
Synesius,Synesius of Cyrene,,,,,0000 0001 2145 8721,
Syphax,,,,,,-,
Tacitus,Publius Cornelius Tacitus,,,,,0000 0001 2103 3889,
Tanaquil,,,,,,-,
Tangustel,Pangustel,,,,,,
Tarpeia,,,,,,-,
Tarquin the Elder,Lucomo,Lucius Tarquinius Priscus,Tarquinius Priscus,,,0000 0000 9866 6476,
Telemachus,,,,,,-,
Terence,,,,,,0000 0001 2137 1407,
Terminus,,,,,,-,
Tertullian,,,,,,0000 0001 2283 4506,
Themistocles,,,,,,0000 0001 0598 0800,
Theocritus,,,,,,0000 0001 2283 1508,
Theoderic the Great,,,,,,0000 0001 1611 940X,
Theodor Zwinger,,,,,,0000 0001 0863 9894,
Theodore Beza,,,,,,0000 0001 2137 1511,
Theodorus the Atheist,,,,,,0000 0000 9789 7352,
Theodosius I,Theodosius the Great,,,,,0000 0001 1615 4512,
Theodosius II,,,,,,0000 0001 2131 2669,
Theognis of Megara,,,,,,0000 0004 0807 8793,
Theophrastus,,,,,,0000 0003 9865 0994,
Theoprastus,,,,,,,
Theseus,,,,,,-,
Thoas,,,,,,-,
Thomas Aquinas,Thomas de Aquino,,,,,0000 0004 4930 4494,
Thomas Binge,,,,,,-,
Thomas Blundeville,,,,,,0000 0000 8162 1327,
Thomas Chaloner,,,,,,0000 0000 8194 605X,
Thomas Cromwell,,,,,,0000 0001 2125 7583,
Thomas More,Thomas Moore,,,,,0000 0000 3182 0467,
Thomas Nash,,,,,,0000 0001 1035 0790,
Thomas Preston,,,,,,0000 0000 8115 9291,
Thomas Sackville,,,,,,0000 0001 0865 0890,
Thomas Smith,M. Smythes,,,,,0000 0000 4746 8314,
Thomas Smith Junior,,,,,,0000 0001 0923 2340,
Thomas Tusser,Tussar,,,,,0000 0000 5526 344X,
Thomas Twyne,,,,,,0000 0000 8094 7974,
Thomas Venatorius,,,,,,0000 0001 1568 3965,
Thomas Wilson,,,,,,0000 0001 0718 0532,
Thomas Wolsey,,,,,,0000 0001 2099 862X,
Thrason,,,,,,-,
Thucydides,Thucidydes,Thucidides,,,,0000 0001 2144 141X,
Tiberius,Tiberius Julius Caesar,Tiberius Claudius Nero,,,,0000 0001 0923 3028,
Tiberius Gracchus,Tyber Sempronij,Tyber Sempronius,,,,0000 0000 8023 2354,
Tiberius Gracchus the Elder,,,,,,0000 0000 8842 4027,
Tissaphernes,,,,,,-,
Titan,,,,,,-,
Titus Manlius Torquatus,,,,,,-,
Titus Quinctius Flaminius,,,,,,0000 0000 9518 8560,
Tommaso Porcacchi,,,,,,0000 0001 0865 0444,
Tomyris,,,,,,-,
Torquato Tasso,,,,,,0000 0001 2118 517X,
Trajan,Traian,Traianus,,,,0000 0001 2142 6949,
Trebatius Testa,Gaius Trebatius Testa,,,,,-,
Tribonianus,,,,,,0000 0000 8344 6438,
Tullia Minor,,,,,,-,
Tullus Hostilius,,,,,,-,
Turnus,,,,,,-,
Turonus,,,,,,,
Tycho Brahe,,,,,,0000 0001 1770 1389,
Tydeus,,,,,,-,
Ulrich Zasius,Zazius,,,,,0000 0000 8140 8737,
Ulysses,,,,,,-,
Urianus,,,,,,,
Urien,Urbgenius,Urgennius,,,,,
Urso of Salerno,,,,,,0000 0000 6588 7432,
Uther,Uther Pendragon,,,,,,
Valentine Dale,,,,,,-,
Valentinianus,,,,,,,
Valentinianus the Elder,Valentinianus Augustus,,,,,0000 0000 6136 3367,
Valerius Maximus,,,,,,0000 0001 1562 7488,
Vegetius,,,,,,0000 0001 1777 1731,
Venus,,,,,,-,
Vertumnus,,,,,,-,
Vespasian,,,,,,0000 0001 1578 8097,
Vesta,,,,,,-,
Vigenius,,,,,,,
Vincenzo Pinelli,,,,,,0000 0000 5326 4174,
Virgil,Marus,Vergilius,,,,0000 0001 2119 8069,
Viriatus Lusitanus,Viriathus,Viriato,,,,-,
Vitruvius,,,,,,0000 0001 2130 962X,
Vittoria Colonna,Marchionness of Pescara,,,,,0000 0001 1774 3087,
Volsci,,,,,,-,
Vulcan,,,,,,-,
Wait Winthrop,,,,,,,
Walter Haddon,,,,,,0000 0000 8236 0122,
Walter Mildmay,,,,,,0000 0000 7191 9680,
Walter Raleigh,,,,,,0000 0001 1395 7336,
William Barlow,,,,,,0000 0000 8117 8011,
William Bird,,,,,,0000 0001 0936 7704,
William Bourne,,,,,,0000 0001 1597 2521,
William Camden,,,,,,0000 0001 0909 2667,
William Cecil,Lord Burghley ,Lord Burleigh,,,,0000 0001 2142 8768,
William Fulke,,,,,,0000 0001 0889 4043,
William Lewin,Lewen,,,,,-,
William of Newburgh,,,,,,0000 0001 1862 1495,
William of Ockham,,,,,,0000 0001 2129 5969,
William Parry,,,,,,0000 0001 0778 6286,
William Speight,William Spite,,,,,-,
William Thomas,,,,,,0000 0001 0798 3482,
Witichindus Monachus,Wittekindus von Corvey,,,,,0000 0001 0655 4627,
Xenophanes,,,,,,0000 0001 1795 0895,
Xenophon,,,,,,0000 0004 3495 6967,
Xerxes,,,,,,0000 0000 6300 8852,
Yeshua Ben Eliezer Ben Sira,,,,,,0000 0000 1355 2278,
Zedekiah,,,,,,0000 0000 6693 9687,
Zeno of Citium,,,,,,0000 0003 8319 8958,
Zopyrus,,,,,,-,
Isabella I of Castile,,,,,,0000 0001 1030 6327,
Rodrigo di Triana,,,,,,,
Alphidius,,,,,,,
Parmenides,,,,,,,
King Calid,Khalid ibn Yazid,,,,,,
S. Christopher,S. Christoforo,,,,,,
Diego Mendez,Diego Mindz,,,,,,
Guacanagarix,Guacanagari,Guacanary,,,,,
Diego de Arana,Diego di Arana,,,,,,
Lucas,,,,,from the Turba philosophorum,,
Mary the Jewess,Maria,,,,the alchemist,,
Morienus,Marianus,,,,,,
Pietro de Ledesma,Pietro di Lidisima,,,,,,
Nicolas de Ovando,Nicolo i Ouando,,,,,,
Don Giovanni Fonseca,Bishop Fonsica,,,,,,
Diego Ortiz,,,,,,,
Francisco di Bouadiglia,Francesco de Bouadiglia,,,,,,
Diego Columbus,Diego Colon,,,,,,
Giovanni della Sera,,,,,,,
Saint Ursula,Santa Orsola,,,,,,
Alonso de Ojeda,Alfonso di Ogieda,l'Ogieda,,,,,
Antonio de Torres,Antonio di Torres,,,,,,
Fernando Niño de Guevara,Fernando di Gheuara,Fernando di Gheuara,,,,,
Pietro di Arana,,,,,,,
Haniguaiagua,,,,,,,
Francisco de Garay,Francesco di Garai,Franciscas de Garay,,,,,
Bernardo di Pisa,,,,,,,
Giovanni Antonio Columbus,Giovanni Antonio Colombo,,,,,,
Alfondo Sanchez,,,,,,,
Francesco Orlando,,,,,,,
Manicauter,,,,,,,
Guarionex,,,,,,,
Caonabo,Caunabo,,,,,,
Peter Martyr d'Anghiera,Peter Martyr,,,,,,
Pedro Marguerite,Pietro Margarete,Petro Margarita,,,,,
Bernardo Buil,Bernardo Buyl,,,,,,
Pedro Nunes,Petrus Nonius,Nonnius,,,,,
Giovanni Pico della Mirandola,Ioannes Picus,,,,,,
Johann Reuchlin,Capnio,,,,,,
Giles of Viterbo,Egidius Viterbiensis,,,,,,
Pedro Ciruelo,Ciruelus,,,,,,
Aluaro de Lugo,,,,,,,
Peter d' Arano,Pietro di Arana,Pedro de Arana,,,,,
Peter Fernandez Coronel,Pietro Fernandez Coronel,,,,,,
Conel,,,,,,,
Caminabo,,,,,,,
Ramon Pane,,,,,,,
Artiaga,,,,,,,
Guaticava,,,,,,,
Giovanni de Agiada,,,,,,,
John II of Castile,Giovanni II di Castiglia,,,,,,
Saint Amaro,Amoro,,,,,,
Pocorosa,,,,,,,
Aduma,,,,,,,
Gregory of Nazianzus,Divus Gregorius,,,,,,
Tito Livio Frulovisi,Titus Livius Frulovijuis Ferrariensis,,,,,,
Roger de Mortimer,Rogerus de Mortuo Mari,,,,,,
Ferdinand Columbus,Fernando Columbus,,,,,,
Roger de Clifford,Rogerus Clifford,Rogerum Clifford,,,,,
Garionex,,,,,,,
Ragnar Lodbrok,Lothbrocus,,,,,,
Trojans,Troiani,,,,,,
Andegaves,Andegavensi,,,,,,
Emino,,,,,,,
Clovis II,Clodovens,,,,,,
Philibert of Jumieges,Saint Philobertus,,,,,,
Balthild of Ascania,Beatilda,,,,,,
Charles the Simple,Carolus simplex,,,,,,
Athelstan,Ethelstan,,,,,,
Rollo,,,,,,,
Gertrude of Nivelles,Gertrudis,,,,,,
"Franco, Archbishop of Rouen",Franco,,,,,,
Diophantus of Alexandria,,,,,,,
Hastein,Hastingus,,,,,,
Rollandus,,,,,,,
Poppa of Bayeux,Popa,,,,,,
William I Longsword,Gulielmus Longaspata,William of Rouen,,,,,
Gerloc,,,,,,,
"Richard, Duke of Burgundy",Richardus Dux Burgundionum,,,,,,
Charles the Bald,Carolus Calvus,,,,,,
Gisela of France,Gisla,,,,,,
Alan I of Brittany,,,,,,,
Berengar II of Neustria,Berengarius,,,,,,
Robert I of France,,,,,,,
Sprota,,,,,,,
Antonio Musa Brassavola,Antonio Musa Brasavola,Antonio Musa Brasavoli,,,,,
Rees Vazhan,Resus autem Vazhan,Rhesus Vauchan,,,,,
"Gilbert de Clare, 7th Earl of Gloucester",,,,,,,
Richard I of Normandy,,,,,,,
"Herbert I, Count of Vermandois",,,,,,,
Bishop Heinrich I of Bayeux,Henricus Episcopus Baiocensis,,,,,,
Louis the Blind,,,,,,,
Hugh the Great,Hugo magnus,,,,,,
Ralph de Diceto,Radulphi de Luzeto,Dizeto,Radulphus de Diceto,,,,
Louis IV of France,,,,,,,
Lothair of France,,,,,,,
Thomas Walsingham,,,,,,,
Malcolm II of Scotland,,,,,,,
Cnut the Great,,,,,,,
"Gonthard, Archbishop of Rouen",Gonthard,Gunardus,,,,,
Eadgifu of Wessex,Ogina,,,,,,
"William I, Count of Poitou",Guliel Comes Picta,,,,,,
"Arnulf I, Count of Flanders",,,,,,,
"Herluin, Count of Montreuil",Herlewinus Comes Monasterioli,,,,,,
Boto,,,,,,,
Bernard the Dane,Bernardus Danus,,,,,,
Rudolph of France,,,,,,,
Raoul Taisson,,,,,,,
Osmond de Conteville,,,,,,,
Alexander III of Scotland,,,,,,,
Eric II of Norway,,,,,,,
Hugotio Plebanus,,,,,,,
Petrus Algoti,,,,,,,
Bernardus Ludovici,,,,,,,
Willhelmus de Torroghan Miles,,,,,,,
Aymo Canonicus Bergham,,,,,,,
,,,,,,,
Ascletarion,,,,,,,
Johannes Schoner,Joan Schonerus,,,,,,
"Gui, Count of Senlis",Guido Comes Silvanietensis,,,,,,
"Bernard, Count of Senlis",Bernardus Comes Silvanectensis,,,,,,
Rodolf Torta,Rodulphus Torta,Radulphus Torta,,,,,
Lambert,,,,,,,
Gerberga of Saxony,Gereberga,,,,,,
Henry the Fowler,Henricus Rex Transrhenanus,,,,,,
"Charles, Duke of Lower Lorraine",Carlomanium,,,,,,
Edmund Bonner,Edmundi Bonar,,,,,,
Harald Bluetooth,,,,,,,
Sweyn Forkbeard,Swanus,Swenus,Suanus,,,,
Otto I the Great,Otho Rex Transrhenanus,,,,,,
Hugh Capet,Hugo Capetus,,,,,,
John Balliol,Iohanni de Balliolo,Johan de Bailliol,Johannes de Baliol,,,,
David I of Scotland,,,,,,,
Henry of Scotland,,,,,,,
William the Lion,,,,,,,
"David, Earl of Huntingdon",,,,,,,
Margaret of Huntingdon,,,,,,,
Isobel of Huntingdon,,,,,,,
Dervorguilla of Galloway,,,,,,,
"Marian Mac Lachlan, of Galloway",,,,,,,
Robert V de Brus,,,,,,,
Robert VI de Brus,,,,,,,
"Madog, ab Owain Gwynedd",Madocus,Madocum,,,,,
Hugh de Veer,Hugo de Veer,,,,,,
"Theobald I, Count of Blois",Theobaldus Carnotensis Comes,"Theobald, Earl of Chartres",,,,,
Bruno the Great,"Bruno, Archbishop of Cologne",,,,,,
Emma of Paris,Agnes,Anina,Agnet,,,,
"Alan III, Duke of Brittany",,,,,,,
"Odo, Count of Penthievre",Endo,,,,,,
Julius Firmicus Maternus,,,,,,,
Æthelred II,Aethelredus Rex Angliae,Ethelfredus,Ethelredus,,,,
Gunnora de Crepon,Gunnor,,,,,,
"Richard II, Duke of Normandy",,,,,,,
"Robert II, Archbishop of Rouen",,,,,,,
"Mauger, Count of Corbeil",Malgerius,,,,,,
Hawise of Normandy,Hawisa,Hawisia,,,,,
Maud of Normandy,Matildis,,,,,,
Emma of Normandy,,,,,,,
Robert II of France,,,,,,,
Rodulf of Ivry,,,,,,,
"Odo II, Count of Blois",Edo,Odo Comes Carnotensis,,,,,
"William I, Count of Eu",,,,,,,
"Geoffrey I, Duke of Brittany",Gaufridus Comes Brytanniae,,,,,,
Turquetil of Harcourt,Turketillus,,,,,,
Lesceline,Litselma,,,,,,
"Robert, Count of Eu",Robertus Comes Oxunensis,"Robert, Count of Exmes",,,,,
William Busac,"William I, Count of Eu",Gulielmus Comes Suessionensis,,,,,
Hugh of Eu,Hugo Luxoniensis,,,,,,
Dorotheus of Sidon,Dorotheus Sydonius,,,,,,
Nigel II of Saint Sauveur,Nigel of Coutances,Nigellus praeses Constantinensis,,,,,
Raoul I of Tosny,,,,,,,
Roger I of Tosny,,,,,,,
William de Mortimer,Wilhelmus de Mortuomari,,,,,,
William Dunwald,,,,,,,
Hugh III of Maine,Hugo Comes Cenomannensi,,,,,,
Harthacnut,Hardecnutus,,,,,,
Gunhilda of Denmark,Gunildis,,,,,,
"Henry III, Holy Roman Emperor",Henricus Romanus Imperator,,,,,,
Nigel de Brus,Nigellus de Brus,,,,,,
"Donnchadh IV, Earl of Fife",Comes de Fif,,,,,,
"Waleran III, Count of Meulan",Walerandus Comes Mellentensis,,,,,,
Christopher de Seton,Christopherus de Scotun,,,,,,
Robert VII de Brus,Robert the Bruce,Robertus Brussius,,,,,
Thomas de Brus,,,,,,,
Alexander de Brus,,,,,,,
"Gilbert de Clare, 8th Earl of Gloucester",,,,,,,
"Bouchard I, Count of Melun",,,,,,,
"Richard III, Duke of Normandy",,,,,,,
"Robert I, Duke of Normandy",,,,,,,
William of Fecamp,,,,,,,
Matilda of Fecamp,,,,,,,
Alice of Normandy,Adeliz,,,,,,
"Reginald I, Count of Burgundy",Rainoldus burgundiorum Comes,,,,,,
"Baldwin IV, Count of Flanders",,,,,,,
"Landry, Count of Nevers",Landricus Comes Nivernensis,,,,,,
Sopater of Halicya,,,,,,,
Henry Blaneforde,Henrici Blankforde,,,,,,
John of Gaunt,"John, Duke of Lancaster",,,,,,
David II of Scotland,,,,,,,
Alfred Aetheling,Alvredo,Aluredo,,,,,
Henry I of France,,,,,,,
William of Belleme,William Bellemensis,Williamus Bellesmensis,William Bellesmensis,Gulielemus Bellemensis,,,
"Fulk, Son of William of Belleme",Fulco,,,,,,
Robert of Belleme,,,,,,,
Adele of France,,,,,,,
"Warin, Son of William of Belleme",Guarinus,,,,,,
William I Talvas,,,,,,,
,,,,,,,
Walchelin de Ferriers,Walchelinus de Ferieres,,,,,,
Hugh de Montfort,Hugo montis fortis,,,,,,
Richard Blundell,,,,,,,
"Gilbert, Count of Brionne",Gislebertus Comes occensis,Crispin,Crispinus,,,,
Edward Balliol,Edwardus Baylyol,Edwardus de Baliol,,,,,
John Philpot,Iohannes Philpot,,,,,,
William Walworth,,,,,,,
Edmund of Langley,"Edmund, Earl of Cambridge","Edmund, 1st Duke of York",,,,,
Guy of Burgundy,Guy of Brionne,Wido Burgundionem,,,,,
"Geoffrey IV, Count of Anjou",Geoffrey Martel,Goisfridus Martellus,,,,,
Harold Harefoot,,,,,,,
Edward the Confessor,,,,,,,
Thurstan le Goz,Thurstinus,Thurstanus,,,,,
"Mauger, Archbishop of Rouen",Malgerius archiepiscopus,,,,,,
William of Talou,William of Arques,Gulielmus Archasensis,,,,,
Pappia of Envermeu,Papia,,,,,,
"Enguerrand I, Count of Ponthieu","Ingelram, Count of Abbeville",,,,,,
Hugh I of Broyes,Hugh Bardolf,Hugo Bardurlfus,,,,,
Aelfgifu of Northampton,Elfina,,,,,,
"Godwin, Earl of Wessex",,,,,,,
Judith of Brittany,,,,,,,
"Geoffrey Plantagenet, Count of Anjou","Geoffrey, Count of Avranches","Geoffrey V, Count of Anjou",,,,,
Matilda of Normandy,Mathildis,,,,,,
Aristaeus,,,,,,,
Nichomachus of Gerasa,Nicomachus of Gerasa,,,,,,
William the Conqueror,William I of England,,,,,,
"Maurilius, Archbishop of Rouen",,,,,,,
Odo of Bayeux,,,,,,,
Antiphon,,,,,,,
Bryson,Bryson of Heraclea,,,,,,
Nicholas of Cusa,,,,,,,
Philip I of France,,,,,,,
Geoffrey of Mayenne,,,,,,,
"Guy I, Count of Ponthieu","Guy, Count of Abbeville",,,,,,
Harold Godwinson,,,,,,,
Brian of Brittany,Brienus,Briennus,,,,,
Diarmait mac Mael na mBo,Dirmotus,Dirmetum,,,,,
Adeliza,Ala,,,,,,
Edgar Aetheling,Edgar Clito,,,,,,
Osbern the Steward,,,,,,,
William FitzOsbern,"William, Earl of Hereford",,,,,,
Roger de Breteuil,,,,,,,
Emma de Breteuil,,,,,,,
"Thomas, 2nd Earl of Lancaster",,,,,,,
"Thomas Beaufort, 1st Duke of Exeter",,,,,,,
Siward Barn,,,,,,,
Morcar,Morgarus,,,,,,
Hereward the Wake,Herewardus,,,,,,
Ralph de Gael,"Ralph, Earl of East Anglia",,,,,,
Peter of Castile,,,,,,,
Henry II of Castile,,,,,,,
"Isabella of Castile, Duchess of York",,,,,,,
"Edmund of Langley, 1st Duke of York",,,,,,,
"Edward of Norwich, 2nd Duke of York",,,,,,,
Urse d'Abetot,"Urse, Viscount of Worcester",,,,,,
Walter de Lacy,Walterus de Laceio,,,,,,
Matilda of Flanders,,,,,,,
Wulfnoth Godwinson,Wulnoth,,,,,,
Owen Glendower,Owenus de Glendor,Howenus Glendowr,,,,,
Robert de Mowbray,Robertus de Mulbraio,,,,,,
William de Auco,,,,,,,
Stephen of Aumale,Stephen of Albamarle,,,,,,
Herluin of Bec,,,,,,,
"Odo, Count of Champagne",,,,,,,
"Edmund Mortimer, 5th Earl of March",,,,,,,
Henry Percy (Hotspur),Harry Hotspur,Henricus Percy,,,,,
"Thomas Percy, 1st Earl of Worcester",,,,,,,
Robert Wateron,Robertum Waterton,,,,,,
"Elias I, Count of Maine",Helias,,,,,,
John Cheyne,Iohannes Cheyne,,,,,,
"William, Count of Mortain",Gulielmus Comes Moritoniensis,,,,,,
"Robert of Belleme, 3rd Earl of Shrewsbury",Robert de Belleme,Robertus de Beleasmo,,,,,
"Baldwin VII, Count of Flanders",,,,,,,
"Baldwin V, Count of Flanders",,,,,,,
"Fulk V, Count of Anjou",,,,,,,
Empress Matilda,Matilda of England,,,,,,
Henry I of England,,,,,,,
William Crispin,Gulielmus Crispinus,,,,,,
"Henry V, Holy Roman Emperor",,,,,,,
"Charles I, Count of Flanders",,,,,,,
Marguerite of Clermont,Margaret of Clermont,,,,,,
"Renaud II, Count of Clermont",Reginaldus Comes Claremonsis,,,,,,
Adela of Normandy,,,,,,,
"Hugh Bigod, 1st Earl of Norfolk",Hugo Bigod,,,,,,
"Robert, 1st Earl of Gloucester",Robertus Comes Glouerniae,,,,,,
"Ranulf de Gernon, 4th Earl of Chester",Ranulphus Comes Cestriae,,,,,,
Eleanor of Aquitaine,Alienora,,,,,,
Louis VII of France,,,,,,,
Rory O'Connor,Rodericus Regulus de Conmat,,,,,,
Hugh de Mortimer,Hugo de Saint Moore,,,,,,
Raoul de Faye,Radulphus de Faie,Ralph de Faye,,,,,
"Hubert, Count of Maurienne",Hubertus Comes de Moriana,,,,,,
Hugh IV de Gornay,Hugo de Gornai,,,,,,
"William Fitz Robert, 2nd Earl of Gloucester",,,,,,,
Critodemus,,,,,,,
Nekauba,,,,,,,
Petosiris,Ankhefenkhons,,,,,,
Hugh IX of Lusignan,Hugh le Brun,Hugo Brun,,,,,
"Peter I, Duke of Brittany",Petrus Manclerk,,,,,,
Cathal Crobhdearg Ua Conchobair,Catalus,,,,,,
Celsus Africanus,,,,,,,
Hephaestion of Thebes,,,,,,,
"William Marshal, 1st Earl of Pembroke",William Mariscal,,,,,,
Isabel Marshal,,,,,,,
"Gilbert de Clare, 5th Earl of Gloucester",,,,,,,
"Richard Marshal, 3rd Earl of Pembroke",Richard Marischalli,,,,,,
"Gilbert Marshal, 4th Earl of Pembroke",,,,,,,
"John of Scotland, Earl of Huntingdon",,,,,,,
"Simon de Montfort, 5th Earl of Leicester",Simon de monte forti,,,,,,
Adam,,,,,,,
Eve,,,,,,,
Regiomontanus,Johannes Müller von Königsberg,,,,,,
William II Longsword,Gulielmus de Longa Spata,,,,,,
Llywelyn ap Gruffudd,,,,,,,
Rhys ap Maredudd,Resus ap Meredith,,,,,,
Maredudd ap Rhys Gryg,Meredith,,,,,,
Rhys ap Gruffydd,Resus ap Griffith,,,,,,
Gwenllian ferch Gruffydd,Madoc Ap Meredith,,,,,,
Rees ap Maylgon,Resum filium Maylgonis,,,,,,
Edmund Mortimer,Edmundus de Mortuo Mari,,,,,,
Americo Monteforte,Aimericus de Monteforti,,,,,,
"Henry de Lacy, 3rd Earl of Lincoln",,,,,,,
Edgar I of England,,,,,,,
Eric VI of Denmark,,,,,,,
"William de Valence, 1st Earl of Pembroke",,,,,,,
"Aymer de Valence, 2nd Earl of Pembroke",,,,,,,
Maelgwn Gwynedd,Mailgo,,,,,,
Marganus,Morganus,,,,,,
"John de Warenne, 6th Earl of Surrey",,,,,,,
Ralph de Monthermer,Radulphus de Monhermer,,,,,,
Giovanni Villani,,,,,,,
Piers Gaveston,Petrus de Gauerston,,,,,,
"Guy de Beauchamp, 10th Earl of Warwick",Guido de Bello Campo,,,,,,
Edward III,,,,,,,
"Lionel of Antwerp, 1st Duke of Clarence",,,,,,,
"Constance of Castile, Duchess of York",,,,,,,
Wat Tyler,Walter Tyler,,,,,,
John I of Portugal,,,,,,,
"Michael de la Pole, 1st Earl of Suffolk",Michael Attepool,Michael Atte Pool,,,,,
John Clanvowe,John Clanbow,Ioannes Clanbow,,,,,
Agnes de Launcekrona,Lancecrona,,,,,,
"Thomas of Woodstock, 1st Duke of Gloucester",,,,,,,
"Roger Mortimer, 4th Earl of March",,,,,,,
Katherine Swynford,,,,,,,
Chryssipus,Chrysippos ho Soleus,,,,,,
Henry IV of England,"Henry, Duke of Lancaster",,,,,,
Richard II of England,,,,,,,
Philippa of England,,,,,,,
Saint Alban,Albanus,,,,,,
"Sigismund, Holy Roman Emperor",,,,,,,
Venissa,Genissa,,,,,,
Claudius,Tiberius Claudius,,,,,,
Eleuterus,Eleutherus,,,,,,
Lucius Aurelius Commodus,,,,,,,
Gildas,,,,,,,
Philastrius,,,,,,,
Igraine,Igerna,,,,,,
Dion Cassius Nicaeus,,,,,,,
Colgrin,,,,,,,
Baldulf,,,,,,,
Childric I,,,,,,,
Pirannus,,,,,,,
Mordred,Mordredus,,,,,,
Thoth,Othoth,,,,,,
Penda of Mercia,Penda,,,,,,
"Edwin, Earl of Mercia",,,,,,,
Pellitus,,,,,,,
"Godbold, King of Orkney",,,,,,,
Cadwallon ap Cadfan,,,,,,,
Æthelburh of Kent,,,,,,,
,,,,,,,
Osric of Deira,,,,,,,
Almansor,,,,,,,
Ali ibn Ridwan,,,,,,,
Oswiu,Oswius,,,,,,
Saint Werburgh,Wereburga,,,,,,
Geoffrey of Monmouth,,,,,,,
Raymond Martini,Martinus Raymundus,,,,,,
Pietro Colonna Galatino,,,,,,,
Saint Germanus of Auxerre,,,,,,,
Offa of Mercia,,,,,,,
Wulstan I,,,,,,,
Æthelwulf,Aethelulfus,,,,,,
Judith of Flanders,,,,,,,
Charles the Bald,,,,,,,
Ealhmund of Kent,,,,,,,
Ealhswith,,,,,,,
Albinus,,,,,,,
Lucius Vipstanus Messalla,,,,,,,
Gaius Valerius Catullus,Catullus,,,,,,
Antonius Rufus,,,,,,,
Marcus Pacuvius,Pacuvius,,,,,,
Joseph,Iosephus,,,,,,
Gaius Lucilius,Lucilius,,,,,,
Berig,,,,,,,
Johannes Cuspinianus,,,,,,,
Eadgifu,,,,,,,
Eadgyth of England,,,,,,,
Eadhild,,,,,,,
Hywel Dda,,,,,,,
Walter Torta,,,,,,,
Terah,Thare,,,,,,
Didymus Chalcenterus,Didymo,,,,,,
Linus,,,,,,,
Shem,Sem,,,,,,
Japheth,Iaphet,Iapetus,,,,,
Peleg,Phaleg,,,,,,
Archytas,,,,,,,
Aristoxenus,,,,,,,
Eupolis,,,,,,,
Prodamus,,,,,,,
Chiron,Cheiron,Chirous,,,,,
Chrysippus,,,,,,,
Gaius Sulpicius Gallus,Sulpicius,C. Sulpitius Gallus,,,,,
Nicias,,,,,,,
Quintus Hortensius,Quintus Hortensius Hortalus,Hortensius,,,,,
Timotheus,,,,,,,
Phidias,Pheidias ,,,,,,
Lucius Licinius Murena,,,,,,,
Gaius Manilius,Manilia,,,,,,
Discobolus of Myron,Discobolos,,,,,,
Timanthes,Timantes,,,,,,
Sallustius,Sallust,,,,,,
Verginius Flavus,,,,,,,
Gorgias,Gorgias Leontinus,,,,,,
Marcus Antonius,"(The orator, not to be confused with his grandson, Marcus Antonius (of the Second Triumvirate )",,,,,,
Galba,,,,,,,
Hypereides,Hyperides,,,,,,
Ordgar of Devon,,,,,,,
Saint Tudwal,,,,,,,
Hywel ap Ieuaf,,,,,,,
"Ælfhere, Ealdorman of Mercia",,,,,,,
Ælfric Cild,,,,,,,
Albumasar,,,,,,,
Thurkill,,,,,,,
Sweyn Forkbeard,,,,,,,
Apollodorus of Pergamon,Apollodorus,,,,,,
Patrocles,,,,,,,
Theodorus of Gadara,,,,,,,
Aristo of Ceos,Ariston,,,,,,
Polus,,,,,,,
Callicles,,,,,,,
Arius Didymus,Areus,,,,,,
Polus,,,,,,,
Hermagoras of Temnos,,,,,,,
Polycrates,,,,,,,
Critolaus,,,,,,,
Agnonides,Agnon,,,,,,
Theopompus of Sparta,,,,,,,
Zeno of Elea,,,,,,,
Titus Annius Milo,Miloniano,Milone,,,,,
Lucretius,,,,,,,
Empedocles,,,,,,,
Corax of Syracuse,,,,,,,
Tisias,Tysias,,,,,,
Thrasymachus,,,,,,,
Prodicus,,,,,,,
Protagoras,,,,,,,
Antiphon,,,,,,,
Theodotus of Byzantium,,,,,,,
Paul of Middelburg,Paulus Middelburgensi,,,,,,
Theodectes,,,,,,,
Gilbert of Brionne,,,,,,,
Valgius Rufus,,,,,,,
Atticus,,,,,,,
Marcus Antonius Gnipho,,,,,,,
Quintus Cornificius,,,,,,,
Stertinius,,,,,,,
Lucius Junius Gallio,,,,,,,
Gaius Popillius Laenas,,,,,,,
Flavius Virginius,,,,,,,
Publius Rutilius Lupus,,,,,,,
Clement of Alexandria,,,,,,,
Gaius Albucius Silus,,,,,,,
Anaximenes of Lampsacus,,,,,,,
Euclid,,,,,,,
Thrasybulus,,,,,,,
Archedemus of Tarsus,,,,,,,
Pamphilus,,,,,,,
Iatrocles,Patrocles,,,,,,
Eadric Streona,Eadricus Streonae,,,,,,
Morcar,,,,,,,
Sigeferth,,,,,,,
Ealdgyth,,,,,,,
Edmund II,Edmund Ironside,Edmundus Ferreus Latus,,,,,
Ælfgifu of York,,,,,,,
Meton of Athens,,,,,,,
Brennus of the Senones,,,,,,,
Herleva,Herletta,,,,,,
Harald Grenske,,,,,,,
Olaf II Haraldsson,,,,,,,
Goda of England,,,,,,,
Eustace II,,,,,,,
"Godwin, Earl of Wessex",,,,,,,
Gytha Thorkelsdóttir,Giva,,,,,,
Edith of Wessex,,,,,,,
Marianus Scotus,,,,,,,
Annius of Viterbo,Johannes Annius Viterbiensis,Annio da Viterbo,,,,,
Berossus,Berosus,,,,,,
Tatian,,,,,,,
Gog,Og,,,,,,
Magog,,,,,,,
Titus Flavius Josephus,,,,,,,
Henry II of France,,,,,,,
Diodorus Siculus,Dionysius Siculus,,,,,,
Queen of Sheba,Quene of Saba,Queen Shaba,Queen of the South,,,,
Atreus,,,,,,,
Cush,Chus,,,,,,
Marcus Caelius Rufus,Caelio,,,,,,
Bartholomaeus Cocles,,,,,,,
Shaba,Schaba,,,,,,
Saba,,,,,,,
Tohu,,,,,,,
Aram,,,,,,,
Orestes,,,,,,,
Clytemnestra,,,,,,,
Septimius Severus,,,,,,,
Berenice of Cilicia,,,,,,,
Eustathius of Thessalonica,,,,,,,
Verres,Gaius Verres,,,,,,
Biblical Magi,Three Magi,,,,,,
Morel of Bamburgh,Moreal,,,,,,
Teucer,Teucrus,,,,,,
Marcus Caelius Rufus,,,,,,,
Eber,Heber,,,,,,
"Almarus, Earl of Devon",,,,,,,
Gruffydd ap Rhydderch,,,,,,,
Caradog ap Gruffydd,,,,,,,
Gyrth Godwinson,,,,,,,
Eadric the Wild,,,,,,,
Hereward the Wake,,,,,,,
Quintus Ligarius,,,,,,,
Ranulf le Meschin,Ranulfus de Micenis,Ranulphus de Mecenis,,,,,
Nicholas Saunder,,,,,,,
Gaius Antonius Hybrida,,,,,,,
"Waltheof, Earl of Northumbria",Waltheofus,,,,,,
Odo of Bayeux,,,,,,,
Robert Guiscard,,,,,,,
"Siward, Earl of Northumbria",Siwardus,,,,,,
William II of England,,,,,,,
"Rotrou I, Count of Perche",,,,,,,
Francesco I Sforza,,,,,,,
Lucius Bellantius,,,,,,,
Georg Joachim Rheticus,,,,,,,
Mary I of England,Bloody Mary,,,,,,
"Henry IV, Holy Roman Emperor",,,,,,,
Marcus Rubrius,,,,,,,
"Richard d'Avranches, 2nd Earl of Chester",,,,,,,
Henry of Blois,,,,,,,
Aubrey de Vere I,,,,,,,
"Nigel, Bishop of Ely",Bishop of Ely,,,,,,
William de Mandeville,,,,,,,
Simeon bar Yochai,Symeon Beniohai,,,,,,
Jacob,,,,,,,
Syrictae,,,,,,,
Ishmaelites,,,,,,,
"Humbert III, Count of Savoy",,,,,,,
Clementia of Zähringen,,,,,,,
Alicia of Savoy,,,,,,,
"John, King of England",,,,,,,
"Richard de Clare, 2nd Earl of Pembroke",,,,,,,
Philip de Mandeville,,,,,,,
William de Vere,,,,,,,
Aubrey de Vere II,,,,,,,
Henry II of England,,,,,,,
"Hamelin de Warenne, Earl of Surrey",,,,,,,
Roger of Wendover,Rogerus de Windelshore,,,,,,
Isabella of England,,,,,,,
Edmund of Abingdon,,,,,,,
Llywelyn the Great,,,,,,,
"Thomas, Count of Flanders",,,,,,,
"Felim Ua Conchobair, King of Connacht",,,,,,,
"Richard, 1st Earl of Cornwall",,,,,,,
Maronites,,,,,,,
"Gruffydd II ap Madog, Lord of Dinas Bran",Griffinus ap Madoc,,,,,,
Mabel Rich,Mabilia,,,,,,
"Hugh de Lacy, 1st Earl of Ulster",,,,,,,
"Walter Marshal, 5th Earl of Pembroke",Walterus Mariscallus,,,,,,
Gomerites,,,,,,,
Robert Passelewe,Robertus Passelew,,,,,,
Alice de Lusignan of Angoulême,,,,,,,
"Gilbert de Clare, 7th Earl of Gloucester",,,,,,,
"Richard de Clare, 6th Earl of Gloucester",,,,,,,
Fibonacci,,,,,,,
"Hubert de Burgh, 1st Earl of Kent",,,,,,,
"Roger Mortimer, 1st Baron Mortimer",,,,,,,
John Maunsell,,,,,,,
"Robert de Ferrers, 6th Earl of Derby",,,,,,,
"Edward I, King of England",,,,,,,
Oppianicus,,,,,,,
Olenus Calenus,,,,,,,
Raziel,,,,,,,
Ogyges,Og,,,,,,
Melchizedek,Melchisedech,,,,,,
Persian Sibyl,Babylonian Sibyl,,,,,,
Gaius Sacerdos,,,,,,,
Enoch,,,,,,,
Nimrod,Nemrodus,,,,,,
Dis,,,,,,,
Quintus Cornificius,,,,,,,
Caecilius of Calacte,,,,,,,
Haitonus,,,,,,,
Asconius Pedianus,,,,,,,
Rhys Gryg,Rhese gryg,,,,,,
Thomas Turbeville,Thomas Turbevile,,,,,,
Domitius Afer,Gnaeus Domitius Afer,,,,,,
Simeon the Just,Symeon Iustus,,,,,,
Giles of Rome,,,,,,,
Khosrow II,Chosroe,,,,,,
Muhammad,Muhamedes,,,,,,
Guillaume Postel,Postellus,,,,,,
Andrew the Apostle,,,,,,,
Brutus of Troy,,,,,,,
Ham,Cham,,,,,,
Aspasia,,,,,,,
Iphicrates,,,,,